{"cameraMode":{"drawMode":0,"name":"Shaded","section":"Shading Mode"},"sceneLighting":true,"audioPlay":false,"sceneViewState":{"m_AlwaysRefresh":false,"showFog":true,"showSkybox":true,"showFlares":true,"showImageEffects":true,"showParticleSystems":true,"showVisualEffectGraphs":true,"m_FxEnabled":true},"in2DMode":false,"pivot":{"x":8.729470252990723,"y":2.499284267425537,"z":-1.8606228828430176},"rotation":{"x":0.0029844283126294615,"y":0.979952335357666,"z":-0.014709600247442723,"w":0.19874908030033112},"size":1.8897967338562012,"orthographic":false}