{"cameraMode":{"drawMode":0,"name":"Shaded","section":"Shading Mode"},"sceneLighting":true,"audioPlay":false,"sceneViewState":{"m_AlwaysRefresh":false,"showFog":true,"showSkybox":true,"showFlares":true,"showImageEffects":true,"showParticleSystems":true,"showVisualEffectGraphs":true,"m_FxEnabled":true},"in2DMode":false,"pivot":{"x":9.175559043884278,"y":1.6420403718948365,"z":-1.4249365329742432},"rotation":{"x":0.05255180597305298,"y":0.9377498626708984,"z":-0.16310551762580872,"w":0.30214694142341616},"size":1.3932336568832398,"orthographic":false}